{
  "id": "/subscriptions/928187e1-6235-4968-a6f4-0dd3d98ff8ca/resourceGroups/fasil-ai/providers/Microsoft.Resources/deployments/Microsoft.Template-20240619155214",
  "name": "Microsoft.Template-20240619155214",
  "type": "Microsoft.Resources/deployments",
  "properties": {
    "templateLink": {
      "uri": "https://raw.githubusercontent.com/benalexkeen/streamlit-azure-app-services/main/azuredeploy.json",
      "contentVersion": "1.0.0.0"
    },
    "templateHash": "9148392679381205415",
    "parameters": {
      "webAppName": {
        "type": "String",
        "value": "webApp-aa7znbzuvcuba"
      },
      "location": {
        "type": "String",
        "value": "westus"
      },
      "sku": {
        "type": "String",
        "value": "B1"
      },
      "linuxFxVersion": {
        "type": "String",
        "value": "PYTHON|3.11"
      },
      "repoUrl": {
        "type": "String",
        "value": "https://github.com/sieverett/vehicle_verification.git"
      },
      "repoBranch": {
        "type": "String",
        "value": "main"
      }
    },
    "mode": "Incremental",
    "debugSetting": {
      "detailLevel": "None"
    },
    "provisioningState": "Running",
    "timestamp": "2024-06-19T22:52:16.3876764Z",
    "duration": "PT0.9082803S",
    "correlationId": "0ed05b24-db85-40e0-976b-43eaf4b13f9a",
    "providers": [
      {
        "namespace": "Microsoft.Web",
        "resourceTypes": [
          {
            "resourceType": "serverfarms",
            "locations": [
              "westus"
            ]
          },
          {
            "resourceType": "sites",
            "locations": [
              "westus"
            ]
          },
          {
            "resourceType": "sites/sourcecontrols",
            "locations": [
              "westus"
            ]
          },
          {
            "resourceType": "sites/config",
            "locations": [
              "westus"
            ]
          }
        ]
      }
    ],
    "dependencies": [
      {
        "dependsOn": [
          {
            "id": "/subscriptions/928187e1-6235-4968-a6f4-0dd3d98ff8ca/resourceGroups/fasil-ai/providers/Microsoft.Web/serverfarms/AppServicePlan-webApp-aa7znbzuvcuba",
            "resourceType": "Microsoft.Web/serverfarms",
            "resourceName": "AppServicePlan-webApp-aa7znbzuvcuba"
          }
        ],
        "id": "/subscriptions/928187e1-6235-4968-a6f4-0dd3d98ff8ca/resourceGroups/fasil-ai/providers/Microsoft.Web/sites/webApp-aa7znbzuvcuba",
        "resourceType": "Microsoft.Web/sites",
        "resourceName": "webApp-aa7znbzuvcuba"
      },
      {
        "dependsOn": [
          {
            "id": "/subscriptions/928187e1-6235-4968-a6f4-0dd3d98ff8ca/resourceGroups/fasil-ai/providers/Microsoft.Web/sites/webApp-aa7znbzuvcuba",
            "resourceType": "Microsoft.Web/sites",
            "resourceName": "webApp-aa7znbzuvcuba"
          }
        ],
        "id": "/subscriptions/928187e1-6235-4968-a6f4-0dd3d98ff8ca/resourceGroups/fasil-ai/providers/Microsoft.Web/sites/webApp-aa7znbzuvcuba/sourcecontrols/web",
        "resourceType": "Microsoft.Web/sites/sourcecontrols",
        "resourceName": "webApp-aa7znbzuvcuba/web"
      },
      {
        "dependsOn": [
          {
            "id": "/subscriptions/928187e1-6235-4968-a6f4-0dd3d98ff8ca/resourceGroups/fasil-ai/providers/Microsoft.Web/sites/webApp-aa7znbzuvcuba",
            "resourceType": "Microsoft.Web/sites",
            "resourceName": "webApp-aa7znbzuvcuba"
          }
        ],
        "id": "/subscriptions/928187e1-6235-4968-a6f4-0dd3d98ff8ca/resourceGroups/fasil-ai/providers/Microsoft.Web/sites/webApp-aa7znbzuvcuba/config/web",
        "resourceType": "Microsoft.Web/sites/config",
        "resourceName": "webApp-aa7znbzuvcuba/web"
      }
    ],
    "validationLevel": "Template"
  },
  "tags": {
    "marketplaceItemId": "Microsoft.Template"
  }
}